{
  "nodes": {
    "pdf-to-markdown#1": {
      "contentWidth": 456.2563288935522,
      "rfNode": {
        "position": {
          "x": 105.98241923000342,
          "y": 122.2258921878111
        }
      }
    },
    "翻译#2": {
      "contentWidth": 450,
      "rfNode": {
        "position": {
          "x": 1125.314331330207,
          "y": 122.2258921878111
        }
      }
    },
    "生成同目录新路径#1": {
      "contentWidth": 450,
      "rfNode": {
        "position": {
          "x": 661.314331330207,
          "y": 122.2258921878111
        }
      }
    },
    "+value#2": {
      "contentWidth": 415,
      "rfNode": {
        "position": {
          "x": -949.1992533866093,
          "y": -189.44592411895664
        }
      }
    },
    "生成同目录新路径#2": {
      "contentWidth": 450,
      "rfNode": {
        "position": {
          "x": -358.0175807699966,
          "y": 122.2258921878111
        }
      }
    },
    "+value#3": {
      "contentWidth": 415,
      "rfNode": {
        "position": {
          "x": -949.1992533866093,
          "y": -29.51074722182392
        }
      }
    }
  }
}