{
  "nodes": {
    "+value#2": {
      "contentWidth": 415,
      "rfNode": {
        "position": {
          "x": -448.97137876958845,
          "y": -101.96575131563692
        }
      }
    },
    "pdf-to-markdown#1": {
      "contentWidth": 456.2563288935522,
      "rfNode": {
        "position": {
          "x": 1870.462749715787,
          "y": 108.41911014712598
        }
      }
    },
    "翻译-带原文#1": {
      "contentWidth": 450,
      "rfNode": {
        "position": {
          "x": 2395.5437849312652,
          "y": 108.41911014712598
        }
      }
    },
    "计算解析文件路径": {
      "contentWidth": 450,
      "rfNode": {
        "position": {
          "x": 1283.0509184837235,
          "y": 108.41911014712598
        }
      }
    },
    "计算翻译文件路径": {
      "contentWidth": 450,
      "rfNode": {
        "position": {
          "x": 1283.0509184837235,
          "y": 398.3589334344257
        }
      }
    },
    "下载文件#3": {
      "contentWidth": 450,
      "rfNode": {
        "position": {
          "x": 661.4411468239807,
          "y": 186.3816020825899
        }
      },
      "sections": {
        "inputs": {
          "collapsed": {
            "query": {
              "[]": true
            },
            "headers": {
              "[]": true
            }
          }
        }
      }
    },
    "生成下载路径#1": {
      "contentWidth": 450,
      "rfNode": {
        "position": {
          "x": 123.308601179856,
          "y": 197.49424534003722
        }
      }
    }
  }
}