{
  "nodes": {
    "+value#3": {
      "contentWidth": 415,
      "rfNode": {
        "position": {
          "x": -98.64278722646907,
          "y": -326.80243240771057
        }
      }
    },
    "pdf-to-markdown#1": {
      "contentWidth": 456.2563288935522,
      "rfNode": {
        "position": {
          "x": 944.7899669589224,
          "y": -9.656599531025723
        }
      }
    },
    "生成同目录新路径#1": {
      "contentWidth": 450,
      "rfNode": {
        "position": {
          "x": 480.7899669589224,
          "y": -9.656599531025723
        }
      }
    },
    "生成同目录新路径#2": {
      "contentWidth": 450,
      "rfNode": {
        "position": {
          "x": 1499.949116856488,
          "y": -9.656599531025723
        }
      }
    },
    "翻译-带原文#1": {
      "contentWidth": 450,
      "rfNode": {
        "position": {
          "x": 1963.949116856488,
          "y": -9.656599531025723
        }
      }
    }
  }
}